{
  "version": 1,
  "author": "KISHOR THORAT",
  "editor": "wokwi",
  "parts": [
    { "type": "board-esp32-devkit-c-v4", "id": "esp", "top": 0, "left": 0, "attrs": {} },
    { "type": "wokwi-dht22", "id": "dht1", "top": -86.1, "left": -101.4, "attrs": {} },
    {
      "type": "board-ssd1306",
      "id": "oled1",
      "top": 89.54,
      "left": 134.63,
      "attrs": { "i2cAddress": "0x3c" }
    },
    {
      "type": "wokwi-photoresistor-sensor",
      "id": "ldr1",
      "top": 128,
      "left": -306.4,
      "attrs": {}
    }
  ],
  "connections": [
    [ "esp:TX", "$serialMonitor:RX", "", [] ],
    [ "esp:RX", "$serialMonitor:TX", "", [] ],
    [ "dht1:GND", "esp:GND.1", "black", [ "v0" ] ],
    [ "dht1:SDA", "esp:13", "green", [ "v0" ] ],
    [ "dht1:VCC", "esp:5V", "red", [ "v0" ] ],
    [ "ldr1:VCC", "esp:3V3", "red", [ "h115.2", "v-115.2" ] ],
    [ "ldr1:GND", "esp:GND.1", "black", [ "h0" ] ],
    [ "ldr1:AO", "esp:34", "green", [ "h124.8", "v-106.3" ] ],
    [ "oled1:GND", "esp:GND.2", "black", [ "v0" ] ],
    [ "oled1:VCC", "esp:3V3", "red", [ "v0" ] ],
    [ "oled1:SCL", "esp:22", "green", [ "v0" ] ],
    [ "oled1:SDA", "esp:21", "green", [ "v0" ] ]
  ],
  "dependencies": {}
}